MutationType	MESO_021_T	MESO_018_T	MESO_051_T	MESO_112_T	MESO_095_T	MESO_089_T	MESO_056_T2	MESO_083_T	MESO_121_T	MESO_119_T	MESO_099_T	MESO_072_T	MESO_090_T	MESO_118_T	MESO_044_T	MESO_070_T	MESO_009_T	MESO_015_T	MESO_060_T	MESO_104_T	MESO_047_T	MESO_075_T	MESO_034_T	MESO_022_T	MESO_113_T	MESO_117_T	MESO_080_T	MESO_076_T	MESO_062_T2	MESO_124_T	MESO_058_T2	MESO_025_T	MESO_102_T	MESO_032_T	MESO_091_T	MESO_030_T	MESO_002_T2	MESO_100_T	MESO_063_T	MESO_081_T	MESO_092_T	MESO_097_T	MESO_107_T	MESO_094_T1	MESO_045_T	MESO_098_T	MESO_014_T	MESO_043_T	MESO_003_T2	MESO_038_T	MESO_069_T	MESO_087_T	MESO_049_T	MESO_019_T	MESO_024_T	MESO_042_T1	MESO_033_T	MESO_082_T	MESO_105_T	MESO_040_T	MESO_020_T	MESO_050_T	MESO_031_T	MESO_027_T	MESO_013_T	MESO_093_T	MESO_085_T	MESO_039_T	MESO_088_T	MESO_057_T2	MESO_122_T	MESO_123_T	MESO_074_T	MESO_059_T1	MESO_084_T	MESO_116_T	MESO_108_T	MESO_109_T	MESO_052_T2	MESO_061_T	MESO_053_T	MESO_079_T	MESO_078_T	MESO_012_T	MESO_068_T	MESO_035_T	MESO_023_T	MESO_067_T	MESO_010_T	MESO_007_T	MESO_066_T	MESO_086_T	MESO_077_T	MESO_106_T	MESO_048_T1	MESO_041_T1	MESO_120_T	MESO_026_T	MESO_054_T	MESO_071_T	MESO_110_T	MESO_037_T	MESO_064_T	MESO_017_T	MESO_001_T	MESO_065_T	MESO_046_T	MESO_011_T	MESO_111_T	MESO_029_T	MESO_055_T	MESO_028_T	MESO_073_T	MESO_006_T	MESO_101_T
clustered_del_1-10Kb	0	0	0	0	0	0	0	2	0	1	0	0	0	0	0	0	0	0	0	0	0	0	0	0	0	0	0	0	0	0	0	1	1	0	0	0	0	0	1	0	0	0	0	0	0	0	0	0	0	0	0	0	0	4	0	0	0	0	0	0	0	0	0	0	0	0	0	0	0	1	0	0	0	0	0	0	0	0	1	0	1	0	0	0	0	0	0	0	1	0	0	0	0	0	0	1	0	0	1	1	0	0	0	1	0	0	1	0	3	0	0	0	0	0	1
clustered_del_10-100Kb	0	0	1	0	0	0	1	3	0	1	0	0	0	0	0	2	0	1	0	0	0	0	0	2	0	0	2	0	0	0	0	1	4	0	0	0	0	0	4	0	0	0	0	0	0	0	2	0	0	0	1	0	0	4	0	0	0	1	0	0	1	0	0	0	1	0	0	0	0	0	0	0	0	0	0	1	0	0	18	0	1	0	0	0	0	0	0	0	2	1	0	0	0	0	0	0	0	0	6	0	2	0	2	0	0	0	1	0	1	2	0	0	0	0	5
clustered_del_100Kb-1Mb	0	0	1	0	0	0	3	3	1	0	0	0	0	1	0	1	0	4	1	0	0	0	0	3	0	0	1	0	0	0	0	8	10	0	0	0	0	0	3	0	0	4	0	0	0	0	4	0	0	0	1	1	0	7	0	0	0	5	0	0	5	0	0	0	0	0	0	0	1	1	1	0	0	0	0	1	0	0	21	0	12	0	1	0	1	0	0	0	6	11	0	0	0	0	0	2	0	1	20	0	0	0	5	1	0	1	1	0	0	1	0	9	1	10	16
clustered_del_1Mb-10Mb	0	0	1	0	0	0	6	7	0	0	0	0	0	2	2	2	0	1	1	0	0	0	0	1	0	0	2	0	0	0	0	8	4	0	0	0	0	0	4	0	2	3	0	0	5	0	5	0	0	0	1	2	0	16	0	0	0	4	0	2	6	0	0	0	0	0	1	0	2	0	1	0	0	0	0	0	0	2	22	0	3	0	3	0	6	0	0	0	10	0	0	0	0	0	2	0	0	1	22	0	1	0	4	0	0	0	5	0	3	6	0	10	1	6	28
clustered_del_>10Mb	0	0	4	0	0	0	7	0	3	2	0	0	0	0	2	0	0	0	0	0	0	0	0	0	0	0	7	0	0	0	0	15	6	0	0	0	0	0	2	0	1	2	0	0	1	0	1	0	0	0	3	1	0	9	0	0	0	7	0	0	1	0	0	0	0	0	0	0	0	1	1	1	0	0	1	0	0	1	15	0	6	0	3	0	3	0	0	0	15	6	0	0	0	0	1	2	0	3	11	0	4	0	8	2	0	5	5	0	4	1	0	1	1	2	69
clustered_tds_1-10Kb	0	0	0	0	0	0	0	1	0	0	0	0	0	0	0	0	0	0	0	0	0	0	0	0	0	0	0	0	0	0	0	0	1	0	0	0	0	0	0	0	0	1	0	0	0	0	0	0	0	0	0	0	0	3	0	0	0	0	0	0	0	0	0	0	0	0	0	0	0	0	0	0	0	0	0	0	0	0	0	0	1	0	0	0	0	0	0	0	1	0	0	0	0	0	0	0	0	1	2	0	0	0	0	0	0	0	0	0	0	0	0	0	0	0	2
clustered_tds_10-100Kb	0	0	0	0	0	0	1	2	1	0	0	0	0	0	0	0	0	1	1	0	0	0	0	1	0	0	1	0	0	0	0	1	5	0	0	0	0	0	0	0	0	2	0	0	0	0	0	0	0	0	2	0	0	0	0	0	0	1	0	0	0	0	0	0	0	0	0	0	0	0	0	0	0	0	0	0	0	0	2	0	2	0	0	0	1	0	0	0	1	0	0	0	0	0	0	0	0	0	4	1	1	0	2	0	0	0	0	0	0	0	0	0	0	1	2
clustered_tds_100Kb-1Mb	0	0	0	0	0	0	3	1	0	0	0	0	0	1	0	0	0	3	0	0	0	0	0	0	0	0	2	0	0	0	0	10	10	0	0	0	0	0	0	0	2	4	0	0	0	0	3	0	0	0	1	0	0	2	0	0	0	1	0	2	1	0	0	0	0	0	1	0	2	0	1	0	0	0	0	0	0	0	8	0	4	0	0	0	1	0	0	0	6	8	0	0	0	0	1	0	0	2	6	0	0	0	5	1	0	0	2	0	2	0	0	4	0	3	4
clustered_tds_1Mb-10Mb	0	0	0	0	0	0	1	3	0	0	0	0	0	2	0	0	0	0	0	0	0	0	0	2	0	0	3	0	0	0	0	8	6	0	0	0	0	0	0	0	1	1	0	0	0	0	6	0	0	0	1	1	0	7	0	0	0	2	0	0	3	0	0	0	0	0	1	0	3	0	0	0	0	0	1	0	0	1	5	0	4	0	3	0	1	0	0	0	11	0	0	0	0	0	4	0	0	1	6	0	0	0	4	1	0	1	4	0	3	2	0	5	0	5	26
clustered_tds_>10Mb	0	0	4	0	0	0	2	0	2	1	0	0	0	0	0	0	0	0	1	0	0	0	0	0	0	0	8	0	0	0	0	10	4	0	0	0	0	0	0	0	0	0	0	0	0	0	3	0	0	0	1	1	0	5	0	0	0	7	0	0	4	0	0	0	0	0	0	0	0	0	0	1	0	0	2	0	0	1	8	0	5	0	2	0	1	0	0	0	14	4	0	0	0	0	0	0	0	1	2	1	0	0	7	3	0	1	4	0	3	0	0	3	0	3	58
clustered_inv_1-10Kb	0	0	0	0	0	0	0	0	0	0	0	0	0	0	0	0	0	8	0	0	0	3	0	1	0	0	2	0	0	0	0	2	4	0	0	0	0	0	1	0	2	1	0	0	0	0	0	0	0	0	0	0	0	5	0	0	0	0	0	0	0	0	0	0	1	0	0	0	0	0	0	0	0	0	1	1	0	0	2	0	0	0	0	0	1	0	0	0	1	2	0	0	0	6	0	1	0	0	2	0	0	0	2	0	0	0	0	0	2	1	0	1	0	1	2
clustered_inv_10-100Kb	0	0	0	0	0	0	3	2	3	0	0	0	0	0	0	2	0	1	0	0	0	6	0	2	0	0	2	0	0	0	0	4	6	0	0	0	0	0	2	0	0	4	0	0	0	0	0	0	0	0	3	0	0	8	0	0	0	0	0	1	1	0	0	0	0	0	0	0	0	0	2	0	0	0	0	4	0	1	5	0	1	0	0	0	0	0	0	0	0	1	0	0	0	0	0	0	0	0	11	1	1	0	3	3	0	0	2	0	2	1	0	2	0	4	8
clustered_inv_100Kb-1Mb	0	0	4	0	0	0	4	3	1	0	0	0	0	1	0	0	0	2	1	0	0	0	0	2	0	0	3	0	0	0	0	12	22	0	0	0	0	0	2	0	4	5	0	0	0	0	4	0	0	0	1	1	0	14	0	0	0	6	0	1	1	0	0	0	0	0	0	0	4	0	0	4	0	0	1	0	0	0	33	0	10	0	1	0	1	0	0	0	15	10	0	0	0	0	0	2	0	1	17	2	1	0	8	0	0	0	4	0	7	2	0	2	1	12	15
clustered_inv_1Mb-10Mb	0	0	9	0	0	0	11	4	0	0	0	0	0	4	1	0	0	0	2	0	0	0	0	0	0	0	4	0	0	0	0	20	14	0	0	0	0	0	1	0	3	5	0	0	1	0	5	0	0	0	1	2	0	12	0	0	0	1	0	1	3	0	0	0	0	0	4	0	4	0	0	0	0	0	2	1	0	1	16	0	9	0	1	0	6	0	0	0	18	0	0	0	0	0	6	0	0	0	14	0	2	0	5	2	0	1	6	0	3	2	0	10	2	16	42
clustered_inv_>10Mb	0	0	6	0	0	0	9	0	5	5	0	0	0	2	2	1	0	0	0	0	0	0	0	0	0	0	14	0	0	0	0	30	11	0	0	0	0	0	6	0	0	7	0	0	1	0	7	0	0	0	6	2	0	19	0	0	0	8	0	0	1	0	0	0	0	0	0	0	0	0	1	3	0	0	1	0	0	2	10	0	7	0	5	0	3	0	0	0	26	1	0	0	0	0	0	0	0	2	6	0	0	0	15	4	0	5	2	0	5	1	0	4	0	2	121
clustered_trans	0	0	15	0	0	0	6	4	0	1	0	0	0	15	0	3	0	6	8	0	0	2	0	12	0	0	10	0	0	0	0	25	10	0	0	0	0	0	9	0	15	1	0	0	0	0	25	0	0	0	0	1	0	36	0	0	0	0	0	12	13	0	0	0	5	0	4	0	2	6	0	0	0	0	1	8	0	2	109	0	217	0	0	0	0	0	0	0	0	0	0	0	0	0	8	0	0	0	4	2	0	0	58	5	0	4	48	0	24	0	0	29	1	35	3
non-clustered_del_1-10Kb	1	1	1	6	6	0	0	0	6	5	2	3	0	1	0	2	1	3	1	2	0	1	1	4	2	0	2	0	1	0	0	0	5	1	1	1	1	0	4	0	2	3	3	1	0	1	1	0	4	5	0	3	1	2	1	1	1	2	0	3	2	0	1	1	0	1	0	0	2	2	0	1	2	0	3	1	5	1	1	5	0	1	0	4	2	0	1	1	4	1	0	0	2	8	0	2	0	1	1	1	3	1	5	1	0	0	0	3	1	2	1	1	20	0	2
non-clustered_del_10-100Kb	2	3	2	1	4	2	1	4	4	1	3	2	0	4	0	5	0	3	1	5	0	0	2	1	4	0	3	0	2	1	0	3	21	1	1	2	3	4	10	1	3	1	1	2	0	10	5	1	16	2	0	2	3	4	2	3	0	1	1	2	3	0	1	1	1	4	1	3	5	0	2	1	4	0	0	2	3	1	5	13	5	0	2	1	3	2	1	1	6	5	1	1	4	2	1	3	1	2	7	2	3	0	7	10	1	1	5	4	6	4	1	0	4	0	1
non-clustered_del_100Kb-1Mb	1	4	2	2	5	2	10	5	8	14	3	3	0	1	1	1	0	4	3	2	0	0	1	7	4	1	9	0	3	1	1	8	5	3	0	2	2	11	20	0	6	2	1	1	1	3	1	0	12	1	5	7	0	3	1	4	0	5	2	10	0	0	1	5	2	5	5	1	11	1	1	4	1	0	0	3	3	3	12	4	8	2	4	0	9	0	1	1	5	1	2	2	3	4	0	4	8	1	7	1	2	1	18	4	2	0	8	2	10	10	2	6	0	4	9
non-clustered_del_1Mb-10Mb	0	2	4	4	3	3	7	6	3	5	3	5	0	6	8	6	1	2	0	2	0	1	0	5	4	1	4	0	6	1	1	7	9	5	1	0	2	3	18	0	1	1	0	2	0	3	1	1	2	0	2	5	0	7	1	0	3	1	0	14	2	0	1	0	4	5	4	1	4	0	2	2	3	0	0	2	0	2	27	5	11	2	6	1	5	2	2	0	3	0	0	0	0	1	1	7	6	0	0	2	0	1	7	3	0	2	5	2	5	6	0	5	0	3	11
non-clustered_del_>10Mb	1	0	6	0	3	3	4	3	2	6	5	1	0	6	10	7	1	0	0	2	0	2	0	2	4	0	4	0	3	1	0	7	10	0	0	0	1	6	11	2	2	5	0	0	0	4	8	0	6	3	3	3	2	2	2	0	0	12	2	3	6	1	3	4	3	1	0	0	3	2	3	4	0	1	0	1	0	3	7	1	13	1	4	0	13	1	0	6	4	3	2	1	1	1	4	2	0	0	3	5	1	1	13	6	0	6	1	1	11	7	0	1	1	2	5
non-clustered_tds_1-10Kb	1	1	0	0	3	1	2	1	0	0	1	0	0	1	0	0	0	0	0	1	0	1	0	0	2	0	1	0	0	1	0	0	5	2	0	0	0	2	0	0	2	0	1	0	0	1	2	0	1	0	0	0	0	1	0	0	0	0	1	1	0	0	1	0	0	0	0	0	1	1	0	1	0	0	0	0	1	1	0	0	0	0	2	1	0	0	2	0	1	0	0	0	0	5	0	0	2	0	0	0	0	1	3	1	0	0	0	1	0	5	0	1	1	2	2
non-clustered_tds_10-100Kb	0	2	1	2	2	0	0	1	0	2	3	0	0	1	0	0	0	0	0	2	0	0	1	0	0	0	2	0	0	0	0	0	4	1	0	0	0	7	2	0	2	0	0	0	0	1	4	0	1	0	0	0	0	0	1	0	0	1	0	0	1	0	1	0	1	0	0	0	2	0	0	2	0	0	0	0	2	1	1	0	3	0	3	0	0	0	0	0	0	1	0	0	1	1	0	0	2	0	0	1	1	1	6	1	0	0	1	1	4	2	0	2	0	1	2
non-clustered_tds_100Kb-1Mb	0	1	0	0	1	0	4	2	3	5	2	0	0	5	0	0	0	1	0	0	0	0	0	1	2	0	3	0	0	1	0	3	8	0	0	0	0	4	0	0	4	2	0	0	0	3	3	0	0	1	1	1	0	2	1	0	0	3	4	0	0	0	1	0	1	0	0	0	3	0	1	3	0	0	0	0	0	2	5	0	4	0	3	0	3	0	0	0	3	1	0	0	0	0	0	0	0	0	1	0	2	2	5	3	0	0	2	0	4	2	0	0	0	1	7
non-clustered_tds_1Mb-10Mb	0	0	1	1	1	0	6	3	1	1	1	0	0	1	0	0	0	0	3	1	0	0	1	1	4	0	2	0	0	0	0	6	5	0	0	1	0	2	2	0	3	1	0	1	0	2	3	0	0	0	0	2	0	3	0	0	0	4	0	3	2	0	1	0	1	0	0	0	4	1	1	1	0	0	1	0	0	1	7	0	6	0	2	0	0	0	0	0	3	0	0	3	0	0	0	0	1	2	0	1	0	4	8	3	0	0	2	0	9	3	0	3	0	1	3
non-clustered_tds_>10Mb	0	4	3	0	4	1	1	1	2	2	2	0	0	0	1	0	1	2	1	0	0	0	0	0	1	0	3	1	0	0	1	3	3	2	0	0	0	5	0	0	1	1	0	0	1	1	2	0	3	0	1	0	1	2	0	0	0	3	0	1	1	0	0	3	1	0	0	0	5	3	0	0	0	0	0	1	0	4	4	0	13	0	2	0	8	0	0	0	0	1	0	0	0	0	4	0	1	0	2	2	0	1	7	2	0	0	0	3	8	2	0	2	1	2	5
non-clustered_inv_1-10Kb	22	10	11	23	18	10	3	18	12	12	11	3	0	14	0	8	1	11	0	29	1	12	12	13	14	8	15	1	5	8	1	20	34	19	14	13	5	50	21	8	6	7	9	14	1	24	13	0	20	12	9	14	0	25	16	6	10	15	13	17	4	1	13	6	8	9	10	10	18	24	14	15	9	1	8	15	18	19	27	6	9	11	13	10	15	10	7	0	26	5	0	6	10	34	13	5	8	14	8	19	5	17	33	24	0	4	3	14	23	19	2	16	44	10	24
non-clustered_inv_10-100Kb	10	8	10	6	4	6	7	16	8	15	9	1	0	10	3	7	1	9	1	19	0	4	5	6	7	6	13	0	8	7	1	22	48	13	12	5	4	31	16	5	8	9	1	5	3	14	13	0	24	6	3	10	1	32	5	9	3	12	8	10	4	3	9	3	12	14	3	3	15	10	7	10	6	0	1	12	11	15	22	2	17	3	22	4	7	4	7	1	15	7	2	4	9	10	7	6	5	3	3	3	5	7	32	10	0	5	6	6	22	20	1	3	12	6	28
non-clustered_inv_100Kb-1Mb	2	4	6	6	8	3	6	11	5	12	5	4	0	12	1	1	0	4	1	15	0	1	5	6	8	1	7	0	4	3	1	12	23	1	5	0	7	19	10	2	3	6	1	1	2	4	8	1	12	4	4	10	1	23	4	2	3	12	2	11	4	0	2	1	13	2	2	1	8	6	1	2	6	0	0	5	7	4	22	4	9	2	22	0	3	2	2	0	6	3	0	2	3	1	3	1	6	5	1	3	1	7	19	15	0	2	12	4	10	11	2	6	5	9	14
non-clustered_inv_1Mb-10Mb	1	2	4	3	4	6	4	6	6	10	5	4	0	5	4	5	1	2	0	2	1	1	0	2	3	2	2	0	2	1	0	9	25	3	0	0	6	9	3	0	5	0	1	0	1	6	2	0	3	4	4	4	0	7	2	0	0	2	3	7	1	0	2	1	2	3	2	2	7	1	2	4	4	0	1	0	2	4	16	0	23	0	5	0	11	1	0	1	8	0	0	4	1	0	1	5	0	0	3	3	3	7	13	2	0	0	2	6	7	8	1	4	2	4	10
non-clustered_inv_>10Mb	2	7	6	2	3	4	4	3	11	14	5	2	0	7	3	2	0	2	0	6	0	0	3	2	4	1	9	0	3	1	0	8	11	1	4	0	1	6	6	0	5	3	1	0	0	3	10	0	2	4	1	5	0	4	2	2	1	4	0	3	3	0	2	5	5	0	1	1	4	2	1	4	5	0	0	2	1	2	10	1	15	0	7	0	9	1	2	1	1	3	1	4	1	0	1	4	2	1	2	9	4	1	16	4	0	4	2	2	14	9	0	7	3	12	6
non-clustered_trans	7	39	24	17	20	21	34	28	22	25	18	5	3	24	6	17	0	36	4	19	8	11	19	33	26	8	28	1	33	12	1	37	40	17	11	12	6	12	30	7	19	17	7	14	5	30	22	3	28	8	22	15	17	31	11	9	10	48	17	27	6	5	11	11	23	26	25	8	37	41	8	30	12	1	4	25	11	16	90	9	94	4	28	15	35	19	16	9	18	17	5	7	29	47	22	11	12	21	22	43	9	21	31	19	3	15	75	29	57	16	18	36	46	37	27
